Name,Author,Copyright Details,Recently Added,Hymn,Song,ATN,Notes,,,,,,,,,,,,,,,,,,,,
"10,000 reasons (Bless the Lord)",Matt Redman,© 2011 Thankyou Music; Atlas Mountain Songs,FALSE,FALSE,FALSE,FALSE,,,,,,,,,,,,,,,,,,,,,
Across The Lands,,,FALSE,FALSE,FALSE,FALSE,,,,,,,,,,,,,,,,,,,,,
All creatures of our God and King,,,FALSE,TRUE,FALSE,FALSE,,,,,,,,,,,,,,,,,,,,,
All I have is Christ,,,FALSE,FALSE,FALSE,FALSE,,,,,,,,,,,,,,,,,,,,,
All Who Are Thirsty,,,FALSE,FALSE,FALSE,FALSE,,,,,,,,,,,,,,,,,,,,,
Amazing Grace,,,FALSE,FALSE,FALSE,FALSE,,,,,,,,,,,,,,,,,,,,,
And can it be,,,FALSE,FALSE,FALSE,FALSE,,,,,,,,,,,,,,,,,,,,,
Apostles Creed,Tim Chester,,FALSE,FALSE,FALSE,FALSE,,,,,,,,,,,,,,,,,,,,,
Awake awake O Zion,,,FALSE,FALSE,FALSE,FALSE,,,,,,,,,,,,,,,,,,,,,
Be still for the presence of the Lord,,,FALSE,FALSE,FALSE,FALSE,,,,,,,,,,,,,,,,,,,,,
Be thou my vision,,,FALSE,FALSE,FALSE,FALSE,,,,,,,,,,,,,,,,,,,,,
Before the throne of God above,,,FALSE,FALSE,FALSE,FALSE,,,,,,,,,,,,,,,,,,,,,
Behold our God,,,FALSE,FALSE,FALSE,FALSE,,,,,,,,,,,,,,,,,,,,,
Blessed assurance,,,FALSE,FALSE,FALSE,FALSE,,,,,,,,,,,,,,,,,,,,,
Blessed be your name,,,FALSE,FALSE,FALSE,FALSE,,,,,,,,,,,,,,,,,,,,,
Blessing and honour,,,FALSE,FALSE,FALSE,FALSE,,,,,,,,,,,,,,,,,,,,,
Boldly I approach,,,FALSE,FALSE,FALSE,FALSE,,,,,,,,,,,,,,,,,,,,,
Break Every Chain,,,FALSE,FALSE,FALSE,FALSE,,,,,,,,,,,,,,,,,,,,,
Build this house,,,FALSE,FALSE,FALSE,FALSE,,,,,,,,,,,,,,,,,,,,,
Build your kingdom here,,,FALSE,FALSE,FALSE,FALSE,,,,,,,,,,,,,,,,,,,,,
"By faith, we see that hand of God",,,FALSE,FALSE,FALSE,FALSE,,,,,,,,,,,,,,,,,,,,,
Christ our hope in life and death (Christ alone),,,FALSE,FALSE,FALSE,FALSE,,,,,,,,,,,,,,,,,,,,,
"Christ the true and better Adam, son of God and son of man",,,TRUE,FALSE,FALSE,FALSE,GYD Conference Song / Added by Adam,,,,,,,,,,,,,,,,,,,,
Come people of the Risen King,,,FALSE,FALSE,FALSE,FALSE,,,,,,,,,,,,,,,,,,,,,
Cornerstone,,© 2011 Hillsong MP Songs; Hillsong Music Publishing Australia; Hillsong Music Publishing UK,FALSE,FALSE,FALSE,FALSE,,,,,,,,,,,,,,,,,,,,,
Creator God who shaped the heavens - and who am I the lowliest of sinners,,,TRUE,FALSE,FALSE,FALSE,GYD Conference Song / Added by Adam,,,,,,,,,,,,,,,,,,,,
Crown him with many crowns,,,FALSE,FALSE,FALSE,FALSE,,,,,,,,,,,,,,,,,,,,,
Every promise of your word,,,FALSE,FALSE,FALSE,FALSE,,,,,,,,,,,,,,,,,,,,,
Faithful one,,,FALSE,FALSE,FALSE,FALSE,,,,,,,,,,,,,,,,,,,,,
Forever (give thanks to the lord our god and king),,,TRUE,FALSE,FALSE,FALSE,added by Sue Wise,,,,,,,,,,,,,,,,,,,,
"Gently and lowly patient and kind, ever approachable saviour of mine",,,TRUE,FALSE,FALSE,FALSE,GYD Conference Song / Added by Adam,,,,,,,,,,,,,,,,,,,,
glory of the lord,,,TRUE,FALSE,FALSE,FALSE,added by Sue Wise,,,,,,,,,,,,,,,,,,,,
God I Look To You,,© 2010 Bethel Music Publishing,FALSE,FALSE,FALSE,FALSE,,,,,,,,,,,,,,,,,,,,,
Goodness of God,,© 2018 Capitol CMG Paragon; Fellow Ships Music; So Essential Tunes; SHOUT! Music Publishing Australia; Bethel Music Publishing,FALSE,FALSE,FALSE,FALSE,,,,,,,,,,,,,,,,,,,,,
Great is the Lord,,,FALSE,FALSE,FALSE,FALSE,,,,,,,,,,,,,,,,,,,,,
Great is thy faithfulness,,,FALSE,FALSE,FALSE,FALSE,,,,,,,,,,,,,,,,,,,,,
Great Things,Phil Wickham,,TRUE,FALSE,FALSE,FALSE,added Sue Wise,,,,,,,,,,,,,,,,,,,,
Guide me o thou great redeemer,,,FALSE,FALSE,FALSE,FALSE,,,,,,,,,,,,,,,,,,,,,
Hallelujah all I have is Christ,,,TRUE,FALSE,FALSE,FALSE,GYD Conference Song / Added by Adam,,,,,,,,,,,,,,,,,,,,
He will hold me fast,,,FALSE,FALSE,FALSE,FALSE,,,,,,,,,,,,,,,,,,,,,
Hear the call of the kingdom,,,FALSE,FALSE,FALSE,FALSE,,,,,,,,,,,,,,,,,,,,,
His mercy is more,,,FALSE,FALSE,FALSE,FALSE,,,,,,,,,,,,,,,,,,,,,
Holy Forever,Chris Tomlin,© 2022 Phil Wickham Music; Simply Global Songs; Capitol CMG Paragon; S. D. G. Publishing; Be Essential Songs; My Magnolia Music; Bethel Music Publishing; Brian and Jenn Publishing,TRUE,FALSE,FALSE,FALSE,Added by Richard,,,,,,,,,,,,,,,,,,,,
"Holy Spirit, living breath",,,FALSE,FALSE,FALSE,FALSE,,,,,,,,,,,,,,,,,,,,,
Hope of the nations,,,FALSE,FALSE,FALSE,FALSE,,,,,,,,,,,,,,,,,,,,,
How deep the fathers love for us,,,TRUE,FALSE,FALSE,FALSE,GYD Conference Song / Added by Adam,,,,,,,,,,,,,,,,,,,,
How Great (Psalm 145),,,FALSE,FALSE,FALSE,FALSE,,,,,,,,,,,,,,,,,,,,,
How Great Is Our God (The splendour of the king),,,FALSE,FALSE,FALSE,FALSE,,,,,,,,,,,,,,,,,,,,,
How great thou art,,,FALSE,FALSE,FALSE,FALSE,,,,,,,,,,,,,,,,,,,,,
how lovely is your dwelling place,,,TRUE,FALSE,FALSE,FALSE,added by Sue Wise,,,,,,,,,,,,,,,,,,,,
I am not my own (Getty) - the one who made thr heavens made my heart and soul,,,TRUE,FALSE,FALSE,FALSE,GYD Conference Song / Added by Adam,,,,,,,,,,,,,,,,,,,,
i choose to worship,,,TRUE,FALSE,FALSE,FALSE,added by Sue Wise,,,,,,,,,,,,,,,,,,,,
I Speak Jesus,,,FALSE,FALSE,FALSE,FALSE,,,,,,,,,,,,,,,,,,,,,
I stand amazed,,,FALSE,FALSE,FALSE,FALSE,,,,,,,,,,,,,,,,,,,,,
I’ll bless your name o God (How great is the Lord),,,TRUE,FALSE,FALSE,FALSE,GYD Conference Song / Added by Adam,,,,,,,,,,,,,,,,,,,,
If Christ is mine I need no more - when all of Christ is all of mine,,,TRUE,FALSE,FALSE,FALSE,GYD Conference Song / Added by Adam,,,,,,,,,,,,,,,,,,,,
If Christ is mine I need no more he is the greatest gift of all,,,TRUE,FALSE,FALSE,FALSE,GYD Conference Song / Added by Adam,,,,,,,,,,,,,,,,,,,,
In Christ alone,,,FALSE,FALSE,FALSE,FALSE,,,,,,,,,,,,,,,,,,,,,
Indescribable,,,FALSE,FALSE,FALSE,FALSE,,,,,,,,,,,,,,,,,,,,,
Is anything too hard for you?,Joyful Noise,,FALSE,FALSE,FALSE,FALSE,,,,,,,,,,,,,,,,,,,,,
Is he worthy?,,,FALSE,FALSE,FALSE,FALSE,,,,,,,,,,,,,,,,,,,,,
Jesus be the centre,,,FALSE,FALSE,FALSE,FALSE,,,,,,,,,,,,,,,,,,,,,
Jesus hope of the nations,,,FALSE,FALSE,FALSE,FALSE,,,,,,,,,,,,,,,,,,,,,
"King of kings, majesty",,,FALSE,FALSE,FALSE,FALSE,,,,,,,,,,,,,,,,,,,,,
King of the ages,,,FALSE,FALSE,FALSE,FALSE,,,,,,,,,,,,,,,,,,,,,
Let everything that has breath (praise the Lord),,,FALSE,FALSE,FALSE,FALSE,,,,,,,,,,,,,,,,,,,,,
Let My Words Be Few,Matt Redman,,TRUE,FALSE,FALSE,FALSE,Added by Richard,,,,,,,,,,,,,,,,,,,,
Light of the world,,,FALSE,FALSE,FALSE,FALSE,,,,,,,,,,,,,,,,,,,,,
Living hope,Phil Wickham,© 2017 Phil Wickham Music; Simply Global Songs; Sing My Songs; Bethel Music Publishing,FALSE,FALSE,FALSE,FALSE,,,,,,,,,,,,,,,,,,,,,
Look And See,,,TRUE,FALSE,FALSE,FALSE,added by Ben Bradford,,,,,,,,,,,,,,,,,,,,
Lord I come before your throne of grace,,,FALSE,FALSE,FALSE,FALSE,,,,,,,,,,,,,,,,,,,,,
Love divine,,,FALSE,FALSE,FALSE,FALSE,,,,,,,,,,,,,,,,,,,,,
Loved before the dawn of time (Salvation’s song),,,FALSE,FALSE,FALSE,FALSE,,,,,,,,,,,,,,,,,,,,,
Mighty Mighty Saviour,Mark Altrogge,,FALSE,FALSE,FALSE,TRUE,added by Ben Bradford,,,,,,,,,,,,,,,,,,,,
Mighty To Save,,© 2006 Hillsong Music Publishing Australia,TRUE,FALSE,FALSE,FALSE,added by Sue Wise,,,,,,,,,,,,,,,,,,,,
"My Jesus, my Saviour",,,FALSE,FALSE,FALSE,FALSE,,,,,,,,,,,,,,,,,,,,,
My lighthouse,,,FALSE,FALSE,FALSE,FALSE,,,,,,,,,,,,,,,,,,,,,
Never Let Go,Matt Redman,,TRUE,FALSE,FALSE,FALSE,added by Sue Wise,,,,,,,,,,,,,,,,,,,,
No longer slaves,,© 2014 Bethel Music Publishing,FALSE,FALSE,FALSE,FALSE,,,,,,,,,,,,,,,,,,,,,
Now why this fear - CHECK!,,,FALSE,FALSE,FALSE,FALSE,,,,,,,,,,,,,,,,,,,,,
O Church arise,,,FALSE,FALSE,FALSE,FALSE,,,,,,,,,,,,,,,,,,,,,
"O Lord, my rock and my redeemer greatest treasure",,,TRUE,FALSE,FALSE,FALSE,GYD Conference Song / Added by Adam,,,,,,,,,,,,,,,,,,,,
O Praise the name (Anastasis),,© 2015 Hillsong Music Publishing Australia; Small City Music,FALSE,FALSE,FALSE,FALSE,,,,,,,,,,,,,,,,,,,,,
O the kindness of our father - lavish generosity,,,TRUE,FALSE,FALSE,FALSE,GYD Conference Song / Added by Adam,,,,,,,,,,,,,,,,,,,,
Of Christ is mine I need no more - he is thr greatest gift of all,,,TRUE,FALSE,FALSE,FALSE,GYD Conference Song / Added by Adam,,,,,,,,,,,,,,,,,,,,
Oh the kindness of our loving father - lavish generosity.,,,TRUE,FALSE,FALSE,FALSE,GYD Conference Song / Added by Adam,,,,,,,,,,,,,,,,,,,,
Oh to see the dawn,,,FALSE,FALSE,FALSE,FALSE,,,,,,,,,,,,,,,,,,,,,
One Thing Remains,,© 2010 Mercy / Vineyard Publishing; Bethel Music Publishing; ChristaJoy Music Publishing,FALSE,FALSE,FALSE,FALSE,,,,,,,,,,,,,,,,,,,,,
open the eyes of my heart lord,,,TRUE,FALSE,FALSE,FALSE,added by Sue Wise,,,,,,,,,,,,,,,,,,,,
Our God (Water you turned into wine),,,FALSE,FALSE,FALSE,FALSE,,,,,,,,,,,,,,,,,,,,,
Praise is rising,,,FALSE,FALSE,FALSE,FALSE,,,,,,,,,,,,,,,,,,,,,
Praise my soul the king of heaven,,,TRUE,FALSE,FALSE,FALSE,GYD Conference Song / Added by Adam,,,,,,,,,,,,,,,,,,,,
Praise to the lord the almighty,,,TRUE,FALSE,FALSE,FALSE,added by Sue Wise,,,,,,,,,,,,,,,,,,,,
Raise a Hallelujah,,© 2018 Bethel Music Publishing,FALSE,FALSE,FALSE,FALSE,,,,,,,,,,,,,,,,,,,,,
Redeeming God creations song fell silent - and who am I the lowliest of sinners,,,TRUE,FALSE,FALSE,FALSE,GYD Conference Song / Added by Adam,,,,,,,,,,,,,,,,,,,,
Rejoice by Dustin Kenfrue,,,TRUE,FALSE,FALSE,FALSE,added by Sue Wise,,,,,,,,,,,,,,,,,,,,
Rejoice the Lord is King,,,FALSE,FALSE,FALSE,FALSE,,,,,,,,,,,,,,,,,,,,,
Resurection Hymn,,,FALSE,FALSE,FALSE,FALSE,,,,,,,,,,,,,,,,,,,,,
Salvations song,,,FALSE,FALSE,FALSE,FALSE,,,,,,,,,,,,,,,,,,,,,
Saviour Of The World,Ben Cantelon,,TRUE,FALSE,FALSE,FALSE,added by Sue Wise,,,,,,,,,,,,,,,,,,,,
See what a morning,,,FALSE,FALSE,FALSE,FALSE,,,,,,,,,,,,,,,,,,,,,
Servant King (From heaven you came),,,FALSE,FALSE,FALSE,FALSE,,,,,,,,,,,,,,,,,,,,,
Show Us Christ,,,FALSE,FALSE,FALSE,FALSE,,,,,,,,,,,,,,,,,,,,,
So Will I (100 Billion X),,© 2017 Hillsong Music Publishing Australia,FALSE,FALSE,FALSE,FALSE,,,,,,,,,,,,,,,,,,,,,
Speak O Lord,,,FALSE,FALSE,FALSE,FALSE,,,,,,,,,,,,,,,,,,,,,
Strength Will Rise,,,TRUE,FALSE,FALSE,FALSE,added by Sue Wise,,,,,,,,,,,,,,,,,,,,
T’is the power of the cross,,,FALSE,FALSE,FALSE,FALSE,,,,,,,,,,,,,,,,,,,,,
Tell Out My Soul,,,TRUE,FALSE,FALSE,FALSE,added by Ben Bradford,,,,,,,,,,,,,,,,,,,,
Thank You Lord,Richard Heywood,,TRUE,FALSE,FALSE,FALSE,Added by Richard,,,,,,,,,,,,,,,,,,,,
The Blessing,Chris BrownCody CarnesKari JobeSteven Furtick,© 2020 Capitol CMG Paragon; Kari Jobe Carnes Music; Worship Together Music; Writer's Roof Publishing; Music by Elevation Worship Publishing,FALSE,FALSE,FALSE,FALSE,,,,,,,,,,,,,,,,,,,,,
The lion and the lamb,Brenton Brown Brian Johnson Leeland Mooring,© 2015 Meaux Mercy; The Devil Is A Liar! Publishing; Thankyou Music; Bethel Music Publishing,FALSE,FALSE,FALSE,FALSE,,,,,,,,,,,,,,,,,,,,,
The Lord’s my shepherd,,,FALSE,FALSE,FALSE,FALSE,,,,,,,,,,,,,,,,,,,,,
The one who made the heavens made my heart and soul - makers masterpiece,,,TRUE,FALSE,FALSE,FALSE,GYD Conference Song / Added by Adam,,,,,,,,,,,,,,,,,,,,
There is a higher throne,,,FALSE,FALSE,FALSE,FALSE,,,,,,,,,,,,,,,,,,,,,
Thine be the glory,,,FALSE,FALSE,FALSE,FALSE,,,,,,,,,,,,,,,,,,,,,
This I believe (creed),,© 2014 Hillsong Music Publishing Australia,FALSE,FALSE,FALSE,FALSE,,,,,,,,,,,,,,,,,,,,,
This is amazing grace,,© 2012 WC Music Corp.; Phil Wickham Music; Seems Like Music; Sing My Songs; Bethel Music Publishing,FALSE,FALSE,FALSE,FALSE,,,,,,,,,,,,,,,,,,,,,
Ancient of Days,,,TRUE,FALSE,FALSE,FALSE,GYD Conference Song / Added by Adam,,,,,,,,,,,,,,,,,,,,
Thy Word is a Lamp,Amy Grant,,TRUE,FALSE,FALSE,FALSE,Added by Richard,,,,,,,,,,,,,,,,,,,,
To God be the glory,,,FALSE,FALSE,FALSE,FALSE,,,,,,,,,,,,,,,,,,,,,
to the river,,,TRUE,FALSE,FALSE,FALSE,added by Sue Wise,,,,,,,,,,,,,,,,,,,,
Way Maker,Osinachi Kalu Okoro Egbu,,FALSE,FALSE,FALSE,FALSE,,,,,,,,,,,,,,,,,,,,,
what a beautiful name,Hillsong,© 2016 Hillsong Music Publishing Australia,FALSE,FALSE,FALSE,FALSE,,,,,,,,,,,,,,,,,,,,,
what a faithful God have I,,,FALSE,FALSE,FALSE,FALSE,,,,,,,,,,,,,,,,,,,,,
What is our hope in life and death (ChrIst alone),,,FALSE,FALSE,FALSE,FALSE,,,,,,,,,,,,,,,,,,,,,
What is our hope in life and death?,,,TRUE,FALSE,FALSE,FALSE,GYD Conference Song / Added by Adam,,,,,,,,,,,,,,,,,,,,
When I survey,,,FALSE,FALSE,FALSE,FALSE,,,,,,,,,,,,,,,,,,,,,
When we See Your Face (Prayers of the Saints),,,FALSE,FALSE,FALSE,FALSE,,,,,,,,,,,,,,,,,,,,,
,,,FALSE,FALSE,FALSE,FALSE,,,,,,,,,,,,,,,,,,,,,
Who can light the fires - he is our God,,,TRUE,FALSE,FALSE,FALSE,GYD Conference Song / Added by Adam,,,,,,,,,,,,,,,,,,,,
Who can light the fires of a thousand burning suns - blazing in the heavens - he is our God,,,TRUE,FALSE,FALSE,FALSE,GYD Conference Song / Added by Adam,,,,,,,,,,,,,,,,,,,,
Who you say I am,,,FALSE,FALSE,FALSE,FALSE,,,,,,,,,,,,,,,,,,,,,
Yet not I but through Christ in me,,,FALSE,FALSE,FALSE,FALSE,,,,,,,,,,,,,,,,,,,,,
You alone can rescue,,,FALSE,FALSE,FALSE,FALSE,,,,,,,,,,,,,,,,,,,,,
You’re the word of God the Father (across the lands),,,FALSE,FALSE,FALSE,FALSE,,,,,,,,,,,,,,,,,,,,,
"Your cross o Lord - our life, our peace",,,TRUE,FALSE,FALSE,FALSE,GYD Conference Song / Added by Adam,,,,,,,,,,,,,,,,,,,,
Hymn of Heaven,Phil Wickham,,TRUE,TRUE,FALSE,FALSE,Added by Sue,,,,,,,,,,,,,,,,,,,,
